Workbook
Name oblimin_10: oblimin!$A$1:$J$50
Name oblimin_10: 'oblimin-10'!$A$1:$J$50
Name oblimin_10: 'oblimin-4'!$A$1:$D$50
Name oblimin_10: 'oblimin-5'!$A$1:$E$50
Name oblimin_10: 'oblimin-6'!$A$1:$F$50
Name oblimin_10: 'oblimin-7'!$A$1:$G$50
Name oblimin_10: 'oblimin-8'!$A$1:$H$50
Name oblimin_10: 'oblimin-9'!$A$1:$I$50

Sheet oblimin
A1: F1 | B1: F2 | C1: F3 | D1: F4 | E1: F5 | F1: F6 | G1: F7 | H1: F8 | I1: F9 | J1: F10 | L1: max
A2: 0.071308816 | B2: 0.0006655088 | C2: 0.1023109 | D2: -0.14255643 | E2: 0.45682662 | F2: 0.075189855 | G2: 0.03160277 | H2: 0.010964682 | I2: -0.14314838 | J2: 0.02374485 | K2: foc_01 | L2: =MAX(ABS(A2),ABS(B2),ABS(C2),ABS(D2),ABS(E2),ABS(F2),ABS(G2), ABS(H2), ABS(I2), ABS(J2)) -> 0.45682662 | N2: cutoff | O2: 0.25
A3: -0.012326086 | B3: -0.00025468905 | C3: -0.017785118 | D3: -0.04532035 | E3: 0.77815461 | F3: 0.053237159 | G3: -0.0022952858 | H3: 0.015442587 | I3: 0.052862924 | J3: -0.00028850908 | K3: foc_02 | L3: =MAX(ABS(A3),ABS(B3),ABS(C3),ABS(D3),ABS(E3),ABS(F3),ABS(G3), ABS(H3), ABS(I3), ABS(J3)) -> 0.77815461 | N3: top | O3: =O2 -> 0.25
A4: 0.068630389 | B4: 0.039714385 | C4: 0.062426025 | D4: -0.14455097 | E4: 0.67780949 | F4: 0.0012807023 | G4: 0.072163628 | H4: -0.090084163 | I4: 0.0062652995 | J4: -0.079348748 | K4: foc_03 | L4: =MAX(ABS(A4),ABS(B4),ABS(C4),ABS(D4),ABS(E4),ABS(F4),ABS(G4), ABS(H4), ABS(I4), ABS(J4)) -> 0.67780949 | N4: bottom | O4: =O3*-1 -> -0.25
A5: 0.0044611745 | B5: -0.060152885 | C5: 0.069113419 | D5: -0.0083467635 | E5: 0.78099333 | F5: -0.021793222 | G5: 0.028857774 | H5: -0.015494291 | I5: 0.022432421 | J5: 0.029417176 | K5: foc_04 | L5: =MAX(ABS(A5),ABS(B5),ABS(C5),ABS(D5),ABS(E5),ABS(F5),ABS(G5), ABS(H5), ABS(I5), ABS(J5)) -> 0.78099333
A6: 0.13064573 | B6: 0.23143933 | C6: 0.18507919 | D6: -0.1132897 | E6: 0.33920872 | F6: 0.025986974 | G6: 0.033417326 | H6: -0.099671905 | I6: -0.04653889 | J6: -0.016604785 | K6: foc_05 | L6: =MAX(ABS(A6),ABS(B6),ABS(C6),ABS(D6),ABS(E6),ABS(F6),ABS(G6), ABS(H6), ABS(I6), ABS(J6)) -> 0.33920872
A7: -0.041789587 | B7: 0.016356962 | C7: -0.085148332 | D7: 0.086145601 | E7: 0.55429632 | F7: 0.039547033 | G7: 0.0075981985 | H7: 0.30642803 | I7: 0.0094236766 | J7: 0.11756497 | K7: foc_06 | L7: =MAX(ABS(A7),ABS(B7),ABS(C7),ABS(D7),ABS(E7),ABS(F7),ABS(G7), ABS(H7), ABS(I7), ABS(J7)) -> 0.55429632
A8: 0.019806924 | B8: 0.013905601 | C8: 0.95690953 | D8: -0.015130955 | E8: -0.0009973386 | F8: -0.061114282 | G8: 0.015109789 | H8: 0.027738722 | I8: 0.0057351654 | J8: 0.0025513432 | K8: foc_07 | L8: =MAX(ABS(A8),ABS(B8),ABS(C8),ABS(D8),ABS(E8),ABS(F8),ABS(G8), ABS(H8), ABS(I8), ABS(J8)) -> 0.95690953
A9: 0.012877565 | B9: -0.022526733 | C9: 0.80038355 | D9: 0.010717482 | E9: 0.050242521 | F9: 0.11696624 | G9: 0.013718659 | H9: -0.028417066 | I9: 0.014442927 | J9: 0.036088299 | K9: foc_08 | L9: =MAX(ABS(A9),ABS(B9),ABS(C9),ABS(D9),ABS(E9),ABS(F9),ABS(G9), ABS(H9), ABS(I9), ABS(J9)) -> 0.80038355
A10: -0.016024366 | B10: 0.16903698 | C10: 0.11122298 | D10: 0.064389369 | E10: -0.028825209 | F10: 0.018313204 | G10: 0.12412054 | H10: 0.53757112 | I10: 0.084664656 | J10: 0.12997359 | K10: foc_09 | L10: =MAX(ABS(A10),ABS(B10),ABS(C10),ABS(D10),ABS(E10),ABS(F10),ABS(G10), ABS(H10), ABS(I10), ABS(J10)) -> 0.53757112
A11: 0.021002772 | B11: 0.0035539616 | C11: 0.97333103 | D11: -0.018544293 | E11: -0.02105556 | F11: -0.02770473 | G11: 0.025659771 | H11: 0.033162652 | I11: -0.0055178623 | J11: -0.0004159393 | K11: foc_10 | L11: =MAX(ABS(A11),ABS(B11),ABS(C11),ABS(D11),ABS(E11),ABS(F11),ABS(G11), ABS(H11), ABS(I11), ABS(J11)) -> 0.97333103
A12: 0.00098343214 | B12: -0.005713583 | C12: 0.83409598 | D12: -0.014022132 | E12: 0.040009724 | F12: 0.085501693 | G12: 0.011781028 | H12: -0.037776132 | I12: 0.031008128 | J12: -0.021271628 | K12: foc_11 | L12: =MAX(ABS(A12),ABS(B12),ABS(C12),ABS(D12),ABS(E12),ABS(F12),ABS(G12), ABS(H12), ABS(I12), ABS(J12)) -> 0.83409598
A13: 0.046565565 | B13: 0.022203639 | C13: 0.10215445 | D13: -0.057677973 | E13: 0.067741848 | F13: 0.0011050415 | G13: 0.77206944 | H13: 0.014951864 | I13: 0.033294555 | J13: -0.0017479136 | K13: foc_12 | L13: =MAX(ABS(A13),ABS(B13),ABS(C13),ABS(D13),ABS(E13),ABS(F13),ABS(G13), ABS(H13), ABS(I13), ABS(J13)) -> 0.77206944
A14: 0.0237547 | B14: 0.019368239 | C14: 0.060580059 | D14: -0.05350988 | E14: 0.027131394 | F14: 0.049451168 | G14: 0.76920659 | H14: -0.05447826 | I14: 0.044378125 | J14: -0.025267147 | K14: foc_13 | L14: =MAX(ABS(A14),ABS(B14),ABS(C14),ABS(D14),ABS(E14),ABS(F14),ABS(G14), ABS(H14), ABS(I14), ABS(J14)) -> 0.76920659
A15: 0.11775947 | B15: 0.26121509 | C15: -0.1296512 | D15: -0.049798022 | E15: 0.13244411 | F15: 0.1028504 | G15: -0.24631793 | H15: 0.38493786 | I15: 0.036123914 | J15: -0.067800393 | K15: foc_14 | L15: =MAX(ABS(A15),ABS(B15),ABS(C15),ABS(D15),ABS(E15),ABS(F15),ABS(G15), ABS(H15), ABS(I15), ABS(J15)) -> 0.38493786
A16: -0.0075097506 | B16: 0.30723237 | C16: -0.015334767 | D16: 0.018170634 | E16: 0.1359045 | F16: 0.090653743 | G16: -0.29830352 | H16: 0.26737091 | I16: 0.099862429 | J16: -0.041317246 | K16: foc_15 | L16: =MAX(ABS(A16),ABS(B16),ABS(C16),ABS(D16),ABS(E16),ABS(F16),ABS(G16), ABS(H16), ABS(I16), ABS(J16)) -> 0.30723237
... A50: -0.011477022 | B50: -0.045940045 | C50: 0.12728784 | D50: -0.095409733 | E50: 0.21977386 | F50: 0.18170734 | G50: -0.020005942 | H50: 0.027181873 | I50: 0.17890351 | J50: -0.081372518 | K50: foc_49 | L50: =MAX(ABS(A50),ABS(B50),ABS(C50),ABS(D50),ABS(E50),ABS(F50),ABS(G50), ABS(H50), ABS(I50), ABS(J50)) -> 0.21977386

Sheet oblimin-10
A1: F1 | B1: F2 | C1: F3 | D1: F4 | E1: F5 | F1: F6 | G1: F7 | H1: F8 | I1: F9 | J1: F10 | L1: max
A2: 0.071308816 | B2: 0.0006655088 | C2: 0.1023109 | D2: -0.14255643 | E2: 0.45682662 | F2: 0.075189855 | G2: 0.03160277 | H2: 0.010964682 | I2: -0.14314838 | J2: 0.02374485 | K2: foc_01 | L2: =MAX(ABS(A2),ABS(B2),ABS(C2),ABS(D2),ABS(E2),ABS(F2),ABS(G2), ABS(H2), ABS(I2), ABS(J2)) -> 0.45682662 | N2: cutoff | O2: =oblimin!O2 -> 0.25
A3: -0.012326086 | B3: -0.00025468905 | C3: -0.017785118 | D3: -0.04532035 | E3: 0.77815461 | F3: 0.053237159 | G3: -0.0022952858 | H3: 0.015442587 | I3: 0.052862924 | J3: -0.00028850908 | K3: foc_02 | L3: =MAX(ABS(A3),ABS(B3),ABS(C3),ABS(D3),ABS(E3),ABS(F3),ABS(G3), ABS(H3), ABS(I3), ABS(J3)) -> 0.77815461 | N3: top | O3: =O2 -> 0.25
A4: 0.068630389 | B4: 0.039714385 | C4: 0.062426025 | D4: -0.14455097 | E4: 0.67780949 | F4: 0.0012807023 | G4: 0.072163628 | H4: -0.090084163 | I4: 0.0062652995 | J4: -0.079348748 | K4: foc_03 | L4: =MAX(ABS(A4),ABS(B4),ABS(C4),ABS(D4),ABS(E4),ABS(F4),ABS(G4), ABS(H4), ABS(I4), ABS(J4)) -> 0.67780949 | N4: bottom | O4: =O3*-1 -> -0.25
A5: 0.0044611745 | B5: -0.060152885 | C5: 0.069113419 | D5: -0.0083467635 | E5: 0.78099333 | F5: -0.021793222 | G5: 0.028857774 | H5: -0.015494291 | I5: 0.022432421 | J5: 0.029417176 | K5: foc_04 | L5: =MAX(ABS(A5),ABS(B5),ABS(C5),ABS(D5),ABS(E5),ABS(F5),ABS(G5), ABS(H5), ABS(I5), ABS(J5)) -> 0.78099333
A6: 0.13064573 | B6: 0.23143933 | C6: 0.18507919 | D6: -0.1132897 | E6: 0.33920872 | F6: 0.025986974 | G6: 0.033417326 | H6: -0.099671905 | I6: -0.04653889 | J6: -0.016604785 | K6: foc_05 | L6: =MAX(ABS(A6),ABS(B6),ABS(C6),ABS(D6),ABS(E6),ABS(F6),ABS(G6), ABS(H6), ABS(I6), ABS(J6)) -> 0.33920872
A7: -0.041789587 | B7: 0.016356962 | C7: -0.085148332 | D7: 0.086145601 | E7: 0.55429632 | F7: 0.039547033 | G7: 0.0075981985 | H7: 0.30642803 | I7: 0.0094236766 | J7: 0.11756497 | K7: foc_06 | L7: =MAX(ABS(A7),ABS(B7),ABS(C7),ABS(D7),ABS(E7),ABS(F7),ABS(G7), ABS(H7), ABS(I7), ABS(J7)) -> 0.55429632
A8: 0.019806924 | B8: 0.013905601 | C8: 0.95690953 | D8: -0.015130955 | E8: -0.0009973386 | F8: -0.061114282 | G8: 0.015109789 | H8: 0.027738722 | I8: 0.0057351654 | J8: 0.0025513432 | K8: foc_07 | L8: =MAX(ABS(A8),ABS(B8),ABS(C8),ABS(D8),ABS(E8),ABS(F8),ABS(G8), ABS(H8), ABS(I8), ABS(J8)) -> 0.95690953
A9: 0.012877565 | B9: -0.022526733 | C9: 0.80038355 | D9: 0.010717482 | E9: 0.050242521 | F9: 0.11696624 | G9: 0.013718659 | H9: -0.028417066 | I9: 0.014442927 | J9: 0.036088299 | K9: foc_08 | L9: =MAX(ABS(A9),ABS(B9),ABS(C9),ABS(D9),ABS(E9),ABS(F9),ABS(G9), ABS(H9), ABS(I9), ABS(J9)) -> 0.80038355
A10: -0.016024366 | B10: 0.16903698 | C10: 0.11122298 | D10: 0.064389369 | E10: -0.028825209 | F10: 0.018313204 | G10: 0.12412054 | H10: 0.53757112 | I10: 0.084664656 | J10: 0.12997359 | K10: foc_09 | L10: =MAX(ABS(A10),ABS(B10),ABS(C10),ABS(D10),ABS(E10),ABS(F10),ABS(G10), ABS(H10), ABS(I10), ABS(J10)) -> 0.53757112
A11: 0.021002772 | B11: 0.0035539616 | C11: 0.97333103 | D11: -0.018544293 | E11: -0.02105556 | F11: -0.02770473 | G11: 0.025659771 | H11: 0.033162652 | I11: -0.0055178623 | J11: -0.0004159393 | K11: foc_10 | L11: =MAX(ABS(A11),ABS(B11),ABS(C11),ABS(D11),ABS(E11),ABS(F11),ABS(G11), ABS(H11), ABS(I11), ABS(J11)) -> 0.97333103
A12: 0.00098343214 | B12: -0.005713583 | C12: 0.83409598 | D12: -0.014022132 | E12: 0.040009724 | F12: 0.085501693 | G12: 0.011781028 | H12: -0.037776132 | I12: 0.031008128 | J12: -0.021271628 | K12: foc_11 | L12: =MAX(ABS(A12),ABS(B12),ABS(C12),ABS(D12),ABS(E12),ABS(F12),ABS(G12), ABS(H12), ABS(I12), ABS(J12)) -> 0.83409598
A13: 0.046565565 | B13: 0.022203639 | C13: 0.10215445 | D13: -0.057677973 | E13: 0.067741848 | F13: 0.0011050415 | G13: 0.77206944 | H13: 0.014951864 | I13: 0.033294555 | J13: -0.0017479136 | K13: foc_12 | L13: =MAX(ABS(A13),ABS(B13),ABS(C13),ABS(D13),ABS(E13),ABS(F13),ABS(G13), ABS(H13), ABS(I13), ABS(J13)) -> 0.77206944
A14: 0.0237547 | B14: 0.019368239 | C14: 0.060580059 | D14: -0.05350988 | E14: 0.027131394 | F14: 0.049451168 | G14: 0.76920659 | H14: -0.05447826 | I14: 0.044378125 | J14: -0.025267147 | K14: foc_13 | L14: =MAX(ABS(A14),ABS(B14),ABS(C14),ABS(D14),ABS(E14),ABS(F14),ABS(G14), ABS(H14), ABS(I14), ABS(J14)) -> 0.76920659
A15: 0.11775947 | B15: 0.26121509 | C15: -0.1296512 | D15: -0.049798022 | E15: 0.13244411 | F15: 0.1028504 | G15: -0.24631793 | H15: 0.38493786 | I15: 0.036123914 | J15: -0.067800393 | K15: foc_14 | L15: =MAX(ABS(A15),ABS(B15),ABS(C15),ABS(D15),ABS(E15),ABS(F15),ABS(G15), ABS(H15), ABS(I15), ABS(J15)) -> 0.38493786
A16: -0.0075097506 | B16: 0.30723237 | C16: -0.015334767 | D16: 0.018170634 | E16: 0.1359045 | F16: 0.090653743 | G16: -0.29830352 | H16: 0.26737091 | I16: 0.099862429 | J16: -0.041317246 | K16: foc_15 | L16: =MAX(ABS(A16),ABS(B16),ABS(C16),ABS(D16),ABS(E16),ABS(F16),ABS(G16), ABS(H16), ABS(I16), ABS(J16)) -> 0.30723237
... A50: -0.011477022 | B50: -0.045940045 | C50: 0.12728784 | D50: -0.095409733 | E50: 0.21977386 | F50: 0.18170734 | G50: -0.020005942 | H50: 0.027181873 | I50: 0.17890351 | J50: -0.081372518 | K50: foc_49 | L50: =MAX(ABS(A50),ABS(B50),ABS(C50),ABS(D50),ABS(E50),ABS(F50),ABS(G50), ABS(H50), ABS(I50), ABS(J50)) -> 0.21977386

Sheet oblimin-9
A1: F1 | B1: F2 | C1: F3 | D1: F4 | E1: F5 | F1: F6 | G1: F7 | H1: F8 | I1: F9 | L1: max
A2: 0.071108919 | B2: -0.0029921512 | C2: 0.10137175 | D2: 0.16679484 | E2: -0.036489462 | F2: 0.44638679 | G2: 0.065640216 | H2: 0.015619306 | I2: -0.14034967 | K2: foc_01 | L2: =MAX(ABS(A2),ABS(B2),ABS(C2),ABS(D2),ABS(E2),ABS(F2),ABS(G2), ABS(H2), ABS(I2), ABS(J2)) -> 0.44638679 | N2: cutoff | O2: =oblimin!O2 -> 0.25
A3: -0.0077129421 | B3: -0.0082791665 | C3: -0.015450159 | D3: 0.04877555 | E3: -0.01061294 | F3: 0.76596366 | G3: 0.051867391 | H3: 0.024974953 | I3: 0.063117287 | K3: foc_02 | L3: =MAX(ABS(A3),ABS(B3),ABS(C3),ABS(D3),ABS(E3),ABS(F3),ABS(G3), ABS(H3), ABS(I3), ABS(J3)) -> 0.76596366 | N3: top | O3: =O2 -> 0.25
A4: 0.066487391 | B4: 0.04929177 | C4: 0.071144793 | D4: 0.098097404 | E4: -0.084991455 | F4: 0.68122148 | G4: 0.0024289197 | H4: -0.10301808 | I4: 0.0074291758 | K4: foc_03 | L4: =MAX(ABS(A4),ABS(B4),ABS(C4),ABS(D4),ABS(E4),ABS(F4),ABS(G4), ABS(H4), ABS(I4), ABS(J4)) -> 0.68122148 | N4: bottom | O4: =O3*-1 -> -0.25
A5: 0.0093202718 | B5: -0.079225153 | C5: 0.067300072 | D5: 0.033100563 | E5: -0.044916615 | F5: 0.75471243 | G5: -0.024667017 | H5: 0.010928566 | I5: 0.037801771 | K5: foc_04 | L5: =MAX(ABS(A5),ABS(B5),ABS(C5),ABS(D5),ABS(E5),ABS(F5),ABS(G5), ABS(H5), ABS(I5), ABS(J5)) -> 0.75471243
A6: 0.12868065 | B6: 0.24145763 | C6: 0.18215219 | D6: 0.10918619 | E6: -0.0431846 | F6: 0.34003749 | G6: 0.023841168 | H6: -0.1124859 | I6: -0.044448087 | K6: foc_05 | L6: =MAX(ABS(A6),ABS(B6),ABS(C6),ABS(D6),ABS(E6),ABS(F6),ABS(G6), ABS(H6), ABS(I6), ABS(J6)) -> 0.34003749
A7: -0.030924991 | B7: -0.01524329 | C7: -0.089426507 | D7: -0.015727847 | E7: -0.0057617904 | F7: 0.52036843 | G7: 0.03411437 | H7: 0.35051182 | I7: 0.028719489 | K7: foc_06 | L7: =MAX(ABS(A7),ABS(B7),ABS(C7),ABS(D7),ABS(E7),ABS(F7),ABS(G7), ABS(H7), ABS(I7), ABS(J7)) -> 0.52036843
A8: 0.020176023 | B8: 0.010451033 | C8: 0.95672786 | D8: 0.014835245 | E8: -0.012402473 | F8: -0.0023441595 | G8: -0.061725192 | H8: 0.028553525 | I8: 0.0070941641 | K8: foc_07 | L8: =MAX(ABS(A8),ABS(B8),ABS(C8),ABS(D8),ABS(E8),ABS(F8),ABS(G8), ABS(H8), ABS(I8), ABS(J8)) -> 0.95672786
A9: 0.0157589 | B9: -0.032710935 | C9: 0.79527537 | D9: 0.019257973 | E9: -0.019748042 | F9: 0.040669752 | G9: 0.11031486 | H9: -0.01781707 | I9: 0.020428538 | K9: foc_08 | L9: =MAX(ABS(A9),ABS(B9),ABS(C9),ABS(D9),ABS(E9),ABS(F9),ABS(G9), ABS(H9), ABS(I9), ABS(J9)) -> 0.79527537
A10: -0.0085040701 | B10: 0.14831143 | C10: 0.10903391 | D10: -0.0031627464 | E10: -0.10421557 | F10: -0.04886175 | G10: 0.012590711 | H10: 0.57996806 | I10: 0.09355893 | K10: foc_09 | L10: =MAX(ABS(A10),ABS(B10),ABS(C10),ABS(D10),ABS(E10),ABS(F10),ABS(G10), ABS(H10), ABS(I10), ABS(J10)) -> 0.57996806
A11: 0.021001175 | B11: 0.0016656376 | C11: 0.97424095 | D11: 0.018121477 | E11: -0.022038474 | F11: -0.021549061 | G11: -0.029550729 | H11: 0.032167573 | I11: -0.0045143473 | K11: foc_10 | L11: =MAX(ABS(A11),ABS(B11),ABS(C11),ABS(D11),ABS(E11),ABS(F11),ABS(G11), ABS(H11), ABS(I11), ABS(J11)) -> 0.97424095
A12: 0.0022378539 | B12: -0.0030290546 | C12: 0.83504435 | D12: 0.0017543121 | E12: -0.015529149 | F12: 0.045774439 | G12: 0.085174554 | H12: -0.047436593 | I12: 0.031632841 | K12: foc_11 | L12: =MAX(ABS(A12),ABS(B12),ABS(C12),ABS(D12),ABS(E12),ABS(F12),ABS(G12), ABS(H12), ABS(I12), ABS(J12)) -> 0.83504435
A13: 0.048205588 | B13: 0.033244 | C13: 0.096725299 | D13: 0.015915171 | E13: -0.79379476 | F13: 0.077662242 | G13: 0.0016275717 | H13: 0.043907248 | I13: 0.033188593 | K13: foc_12 | L13: =MAX(ABS(A13),ABS(B13),ABS(C13),ABS(D13),ABS(E13),ABS(F13),ABS(G13), ABS(H13), ABS(I13), ABS(J13)) -> 0.79379476
A14: 0.025901267 | B14: 0.027345067 | C14: 0.058573974 | D14: 0.00013900725 | E14: -0.79024072 | F14: 0.040340144 | G14: 0.050105673 | H14: -0.026998525 | I14: 0.043314075 | K14: foc_13 | L14: =MAX(ABS(A14),ABS(B14),ABS(C14),ABS(D14),ABS(E14),ABS(F14),ABS(G14), ABS(H14), ABS(I14), ABS(J14)) -> 0.79024072
A15: 0.12134644 | B15: 0.29421217 | C15: -0.11545306 | D15: -0.0066088841 | E15: 0.27071227 | F15: 0.16419403 | G15: 0.11929829 | H15: 0.32169098 | I15: 0.024241611 | K15: foc_14 | L15: =MAX(ABS(A15),ABS(B15),ABS(C15),ABS(D15),ABS(E15),ABS(F15),ABS(G15), ABS(H15), ABS(I15), ABS(J15)) -> 0.32169098
A16: -0.0037486093 | B16: 0.33185735 | C16: -0.0078233173 | D16: -0.053015952 | E16: 0.31416002 | F16: 0.15882576 | G16: 0.10610107 | H16: 0.21686672 | I16: 0.09635988 | K16: foc_15 | L16: =MAX(ABS(A16),ABS(B16),ABS(C16),ABS(D16),ABS(E16),ABS(F16),ABS(G16), ABS(H16), ABS(I16), ABS(J16)) -> 0.33185735
... A50: -0.011518363 | B50: -0.028369264 | C50: 0.13937091 | D50: 0.04973849 | E50: 0.021950277 | F50: 0.23927161 | G50: 0.18363107 | H50: -0.0053921015 | I50: 0.16979809 | K50: foc_49 | L50: =MAX(ABS(A50),ABS(B50),ABS(C50),ABS(D50),ABS(E50),ABS(F50),ABS(G50), ABS(H50), ABS(I50), ABS(J50)) -> 0.23927161

Sheet oblimin-8
A1: F1 | B1: F2 | C1: F3 | D1: F4 | E1: F5 | F1: F6 | G1: F7 | H1: F8 | L1: max
A2: 0.087786586 | B2: -0.020176784 | C2: 0.12252341 | D2: -0.18740111 | E2: 0.44824942 | F2: 0.017423429 | G2: 0.040640163 | H2: -0.14499819 | K2: foc_01 | L2: =MAX(ABS(A2),ABS(B2),ABS(C2),ABS(D2),ABS(E2),ABS(F2),ABS(G2), ABS(H2), ABS(I2), ABS(J2)) -> 0.44824942 | N2: cutoff | O2: =oblimin!O2 -> 0.25
A3: 0.0099741898 | B3: -0.044006393 | C3: 0.012407593 | D3: -0.074076891 | E3: 0.76539971 | F3: -0.011572466 | G3: 0.021700246 | H3: 0.058630894 | K3: foc_02 | L3: =MAX(ABS(A3),ABS(B3),ABS(C3),ABS(D3),ABS(E3),ABS(F3),ABS(G3), ABS(H3), ABS(I3), ABS(J3)) -> 0.76539971 | N3: top | O3: =O2 -> 0.25
A4: 0.082401394 | B4: -0.0105724 | C4: 0.10213842 | D4: -0.1285081 | E4: 0.65304055 | F4: -0.13385358 | G4: 0.10007423 | H4: 0.00074236665 | K4: foc_03 | L4: =MAX(ABS(A4),ABS(B4),ABS(C4),ABS(D4),ABS(E4),ABS(F4),ABS(G4), ABS(H4), ABS(I4), ABS(J4)) -> 0.65304055 | N4: bottom | O4: =O3*-1 -> -0.25
A5: 0.016051406 | B5: -0.11982853 | C5: 0.076926861 | D5: -0.03623761 | E5: 0.76534585 | F5: -0.062099255 | G5: 0.052718765 | H5: 0.037589306 | K5: foc_04 | L5: =MAX(ABS(A5),ABS(B5),ABS(C5),ABS(D5),ABS(E5),ABS(F5),ABS(G5), ABS(H5), ABS(I5), ABS(J5)) -> 0.76534585
A6: 0.14906622 | B6: 0.19724591 | C6: 0.21512836 | D6: -0.14204785 | E6: 0.30108045 | F6: -0.11174829 | G6: 0.056521646 | H6: -0.054958514 | K6: foc_05 | L6: =MAX(ABS(A6),ABS(B6),ABS(C6),ABS(D6),ABS(E6),ABS(F6),ABS(G6), ABS(H6), ABS(I6), ABS(J6)) -> 0.30108045
A7: -0.040226676 | B7: 0.068161883 | C7: -0.11353793 | D7: 0.041194143 | E7: 0.59346038 | F7: 0.21134138 | G7: -0.00028622184 | H7: 0.051728324 | K7: foc_06 | L7: =MAX(ABS(A7),ABS(B7),ABS(C7),ABS(D7),ABS(E7),ABS(F7),ABS(G7), ABS(H7), ABS(I7), ABS(J7)) -> 0.59346038
A8: 0.0026238898 | B8: 0.052862579 | C8: 0.94667412 | D8: 0.012005762 | E8: 0.0094428022 | F8: -0.047983872 | G8: 0.014050253 | H8: 0.016426031 | K8: foc_07 | L8: =MAX(ABS(A8),ABS(B8),ABS(C8),ABS(D8),ABS(E8),ABS(F8),ABS(G8), ABS(H8), ABS(I8), ABS(J8)) -> 0.94667412
A9: 0.025709885 | B9: -0.044566886 | C9: 0.83159396 | D9: -0.034105139 | E9: 0.03274938 | F9: 0.060660664 | G9: 0.018382155 | H9: 0.018329215 | K9: foc_08 | L9: =MAX(ABS(A9),ABS(B9),ABS(C9),ABS(D9),ABS(E9),ABS(F9),ABS(G9), ABS(H9), ABS(I9), ABS(J9)) -> 0.83159396
A10: -0.041333458 | B10: 0.38112939 | C10: 0.048020892 | D10: 0.066147667 | E10: 0.067485479 | F10: 0.33225514 | G10: 0.082919913 | H10: 0.13699098 | K10: foc_09 | L10: =MAX(ABS(A10),ABS(B10),ABS(C10),ABS(D10),ABS(E10),ABS(F10),ABS(G10), ABS(H10), ABS(I10), ABS(J10)) -> 0.38112939
A11: 0.005370741 | B11: 0.03991691 | C11: 0.96584542 | D11: 0.0027033317 | E11: -0.01005915 | F11: -0.015492879 | G11: 0.024853037 | H11: 0.005720491 | K11: foc_10 | L11: =MAX(ABS(A11),ABS(B11),ABS(C11),ABS(D11),ABS(E11),ABS(F11),ABS(G11), ABS(H11), ABS(I11), ABS(J11)) -> 0.96584542
A12: 0.0092763008 | B12: -0.019284078 | C12: 0.87022279 | D12: -0.016978561 | E12: 0.030782714 | F12: 0.018256912 | G12: 0.017195876 | H12: 0.029743273 | K12: foc_11 | L12: =MAX(ABS(A12),ABS(B12),ABS(C12),ABS(D12),ABS(E12),ABS(F12),ABS(G12), ABS(H12), ABS(I12), ABS(J12)) -> 0.87022279
A13: 0.040200529 | B13: 0.068765262 | C13: 0.080361104 | D13: -0.0047922085 | E13: 0.085734652 | F13: 0.023348496 | G13: 0.80278529 | H13: 0.047254631 | K13: foc_12 | L13: =MAX(ABS(A13),ABS(B13),ABS(C13),ABS(D13),ABS(E13),ABS(F13),ABS(G13), ABS(H13), ABS(I13), ABS(J13)) -> 0.80278529
A14: 0.026270057 | B14: 0.025136933 | C14: 0.053070966 | D14: -0.0035282117 | E14: 0.03396873 | F14: 0.027295919 | G14: 0.81313883 | H14: 0.049814248 | K14: foc_13 | L14: =MAX(ABS(A14),ABS(B14),ABS(C14),ABS(D14),ABS(E14),ABS(F14),ABS(G14), ABS(H14), ABS(I14), ABS(J14)) -> 0.81313883
A15: 0.13172458 | B15: 0.40844102 | C15: -0.10948842 | D15: -0.0026854412 | E15: 0.20373173 | F15: 0.22578694 | G15: -0.27821243 | H15: 0.031353071 | K15: foc_14 | L15: =MAX(ABS(A15),ABS(B15),ABS(C15),ABS(D15),ABS(E15),ABS(F15),ABS(G15), ABS(H15), ABS(I15), ABS(J15)) -> 0.40844102
A16: 0.010973886 | B16: 0.40806906 | C16: 0.014942812 | D16: 0.03238003 | E16: 0.17380753 | F16: 0.1478592 | G16: -0.31868492 | H16: 0.095340498 | K16: foc_15 | L16: =MAX(ABS(A16),ABS(B16),ABS(C16),ABS(D16),ABS(E16),ABS(F16),ABS(G16), ABS(H16), ABS(I16), ABS(J16)) -> 0.40806906
... A50: 0.015610391 | B50: -0.063041703 | C50: 0.1880599 | D50: -0.092270301 | E50: 0.22996582 | F50: 0.10314689 | G50: -0.017938522 | H50: 0.15961433 | K50: foc_49 | L50: =MAX(ABS(A50),ABS(B50),ABS(C50),ABS(D50),ABS(E50),ABS(F50),ABS(G50), ABS(H50), ABS(I50), ABS(J50)) -> 0.22996582

Sheet oblimin-7
A1: F1 | B1: F2 | C1: F3 | D1: F4 | E1: F5 | F1: F6 | G1: F7 | L1: max
A2: 0.11469113 | B2: -0.019114271 | C2: -0.097643593 | D2: -0.21615674 | E2: 0.068368413 | F2: 0.42627068 | G2: 0.047491881 | K2: foc_01 | L2: =MAX(ABS(A2),ABS(B2),ABS(C2),ABS(D2),ABS(E2),ABS(F2),ABS(G2), ABS(H2), ABS(I2), ABS(J2)) -> 0.42627068 | N2: cutoff | O2: =oblimin!O2 -> 0.25
A3: 0.012432385 | B3: -0.042186953 | C3: 0.056327215 | D3: -0.097842874 | E3: 0.039906368 | F3: 0.7567121 | G3: -0.032223379 | K3: foc_02 | L3: =MAX(ABS(A3),ABS(B3),ABS(C3),ABS(D3),ABS(E3),ABS(F3),ABS(G3), ABS(H3), ABS(I3), ABS(J3)) -> 0.7567121 | N3: top | O3: =O2 -> 0.25
A4: 0.093665772 | B4: -0.028407984 | C4: 0.062787009 | D4: -0.16716466 | E4: 0.13405884 | F4: 0.60388609 | G4: -0.095842082 | K4: foc_03 | L4: =MAX(ABS(A4),ABS(B4),ABS(C4),ABS(D4),ABS(E4),ABS(F4),ABS(G4), ABS(H4), ABS(I4), ABS(J4)) -> 0.60388609 | N4: bottom | O4: =O3*-1 -> -0.25
A5: 0.074668532 | B5: -0.12855486 | C5: 0.047556778 | D5: -0.062919898 | E5: 0.075454285 | F5: 0.74203861 | G5: -0.059719795 | K5: foc_04 | L5: =MAX(ABS(A5),ABS(B5),ABS(C5),ABS(D5),ABS(E5),ABS(F5),ABS(G5), ABS(H5), ABS(I5), ABS(J5)) -> 0.74203861
A6: 0.19817635 | B6: 0.17437614 | C6: 0.055743612 | D6: -0.17340823 | E6: 0.097507167 | F6: 0.24848356 | G6: -0.03805805 | K6: foc_05 | L6: =MAX(ABS(A6),ABS(B6),ABS(C6),ABS(D6),ABS(E6),ABS(F6),ABS(G6), ABS(H6), ABS(I6), ABS(J6)) -> 0.24848356
A7: -0.099240289 | B7: 0.10696264 | C7: -0.0048164505 | D7: 0.040501202 | E7: -0.0053175807 | F7: 0.63033714 | G7: 0.12588847 | K7: foc_06 | L7: =MAX(ABS(A7),ABS(B7),ABS(C7),ABS(D7),ABS(E7),ABS(F7),ABS(G7), ABS(H7), ABS(I7), ABS(J7)) -> 0.63033714
A8: 0.94733409 | B8: 0.050332376 | C8: 0.014743178 | D8: 0.0049962625 | E8: 0.022357321 | F8: -0.0079876717 | G8: -0.054161418 | K8: foc_07 | L8: =MAX(ABS(A8),ABS(B8),ABS(C8),ABS(D8),ABS(E8),ABS(F8),ABS(G8), ABS(H8), ABS(I8), ABS(J8)) -> 0.94733409
A9: 0.84029354 | B9: -0.04235686 | C9: 0.022687956 | D9: -0.035753357 | E9: 0.018266496 | F9: 0.030880889 | G9: 0.059745544 | K9: foc_08 | L9: =MAX(ABS(A9),ABS(B9),ABS(C9),ABS(D9),ABS(E9),ABS(F9),ABS(G9), ABS(H9), ABS(I9), ABS(J9)) -> 0.84029354
A10: 0.079897332 | B10: 0.45924175 | C10: 0.063962531 | D10: 0.080469174 | E10: 0.054476222 | F10: 0.12942603 | G10: 0.18070404 | K10: foc_09 | L10: =MAX(ABS(A10),ABS(B10),ABS(C10),ABS(D10),ABS(E10),ABS(F10),ABS(G10), ABS(H10), ABS(I10), ABS(J10)) -> 0.45924175
A11: 0.9686847 | B11: 0.03950284 | C11: 0.0021425776 | D11: -0.0021040139 | E11: 0.030658956 | F11: -0.022765727 | G11: -0.022134486 | K11: foc_10 | L11: =MAX(ABS(A11),ABS(B11),ABS(C11),ABS(D11),ABS(E11),ABS(F11),ABS(G11), ABS(H11), ABS(I11), ABS(J11)) -> 0.9686847
A12: 0.87626085 | B12: -0.024585382 | C12: 0.027126785 | D12: -0.017838072 | E12: 0.018924333 | F12: 0.022875405 | G12: 0.021634191 | K12: foc_11 | L12: =MAX(ABS(A12),ABS(B12),ABS(C12),ABS(D12),ABS(E12),ABS(F12),ABS(G12), ABS(H12), ABS(I12), ABS(J12)) -> 0.87626085
A13: 0.10617196 | B13: 0.067109573 | C13: 0.045008715 | D13: -0.0049476717 | E13: 0.79715317 | F13: 0.10010362 | G13: 0.013255789 | K13: foc_12 | L13: =MAX(ABS(A13),ABS(B13),ABS(C13),ABS(D13),ABS(E13),ABS(F13),ABS(G13), ABS(H13), ABS(I13), ABS(J13)) -> 0.79715317
A14: 0.080998136 | B14: 0.019052559 | C14: 0.038332475 | D14: -0.00043941238 | E14: 0.8004742 | F14: 0.051664831 | G14: 0.019899115 | K14: foc_13 | L14: =MAX(ABS(A14),ABS(B14),ABS(C14),ABS(D14),ABS(E14),ABS(F14),ABS(G14), ABS(H14), ABS(I14), ABS(J14)) -> 0.8004742
A15: -0.11085206 | B15: 0.44417095 | C15: 0.11186909 | D15: -0.01176098 | E15: -0.26351307 | F15: 0.19723246 | G15: 0.2242177 | K15: foc_14 | L15: =MAX(ABS(A15),ABS(B15),ABS(C15),ABS(D15),ABS(E15),ABS(F15),ABS(G15), ABS(H15), ABS(I15), ABS(J15)) -> 0.44417095
A16: 0.014313197 | B16: 0.43562137 | C16: 0.094178833 | D16: 0.034479381 | E16: -0.31639302 | F16: 0.1776993 | G16: 0.10691148 | K16: foc_15 | L16: =MAX(ABS(A16),ABS(B16),ABS(C16),ABS(D16),ABS(E16),ABS(F16),ABS(G16), ABS(H16), ABS(I16), ABS(J16)) -> 0.43562137
... A50: 0.20086805 | B50: -0.055272662 | C50: 0.15689049 | D50: -0.090101714 | E50: -0.026050504 | F50: 0.24852005 | G50: 0.080006787 | K50: foc_49 | L50: =MAX(ABS(A50),ABS(B50),ABS(C50),ABS(D50),ABS(E50),ABS(F50),ABS(G50), ABS(H50), ABS(I50), ABS(J50)) -> 0.24852005

Sheet oblimin-6
A1: F1 | B1: F2 | C1: F3 | D1: F4 | E1: F5 | F1: F6 | L1: max
A2: 0.13664761 | B2: -0.055809864 | C2: 0.005091853 | D2: -0.23384859 | E2: 0.39962886 | F2: 0.044478258 | K2: foc_01 | L2: =MAX(ABS(A2),ABS(B2),ABS(C2),ABS(D2),ABS(E2),ABS(F2),ABS(G2), ABS(H2), ABS(I2), ABS(J2)) -> 0.39962886 | N2: cutoff | O2: =oblimin!O2 -> 0.25
A3: 0.031186852 | B3: 0.04938894 | C3: 0.00085836833 | D3: -0.10426597 | E3: 0.7431713 | F3: -0.0075400786 | K3: foc_02 | L3: =MAX(ABS(A3),ABS(B3),ABS(C3),ABS(D3),ABS(E3),ABS(F3),ABS(G3), ABS(H3), ABS(I3), ABS(J3)) -> 0.7431713 | N3: top | O3: =O2 -> 0.25
A4: 0.14750106 | B4: 0.093120159 | C4: -0.035471195 | D4: -0.18743412 | E4: 0.60094032 | F4: -0.095453135 | K4: foc_03 | L4: =MAX(ABS(A4),ABS(B4),ABS(C4),ABS(D4),ABS(E4),ABS(F4),ABS(G4), ABS(H4), ABS(I4), ABS(J4)) -> 0.60094032 | N4: bottom | O4: =O3*-1 -> -0.25
A5: 0.10514379 | B5: 0.048299 | C5: -0.097768688 | D5: -0.07021476 | E5: 0.74443811 | F5: -0.046893273 | K5: foc_04 | L5: =MAX(ABS(A5),ABS(B5),ABS(C5),ABS(D5),ABS(E5),ABS(F5),ABS(G5), ABS(H5), ABS(I5), ABS(J5)) -> 0.74443811
A6: 0.24387425 | B6: 0.10867013 | C6: 0.16397032 | D6: -0.18653387 | E6: 0.24539815 | F6: -0.081940392 | K6: foc_05 | L6: =MAX(ABS(A6),ABS(B6),ABS(C6),ABS(D6),ABS(E6),ABS(F6),ABS(G6), ABS(H6), ABS(I6), ABS(J6)) -> 0.24539815
A7: -0.093600683 | B7: -0.0084983151 | C7: 0.18685856 | D7: 0.024214176 | E7: 0.59006003 | F7: 0.12156147 | K7: foc_06 | L7: =MAX(ABS(A7),ABS(B7),ABS(C7),ABS(D7),ABS(E7),ABS(F7),ABS(G7), ABS(H7), ABS(I7), ABS(J7)) -> 0.59006003
A8: 0.96579092 | B8: -0.00038971498 | C8: 0.062023778 | D8: 0.012711838 | E8: 0.013731158 | F8: -0.050084557 | K8: foc_07 | L8: =MAX(ABS(A8),ABS(B8),ABS(C8),ABS(D8),ABS(E8),ABS(F8),ABS(G8), ABS(H8), ABS(I8), ABS(J8)) -> 0.96579092
A9: 0.83582001 | B9: 0.015562228 | C9: -0.027205923 | D9: -0.021469314 | E9: 0.046562354 | F9: 0.092184901 | K9: foc_08 | L9: =MAX(ABS(A9),ABS(B9),ABS(C9),ABS(D9),ABS(E9),ABS(F9),ABS(G9), ABS(H9), ABS(I9), ABS(J9)) -> 0.83582001
A10: 0.11493186 | B10: 0.088888527 | C10: 0.49506451 | D10: 0.04130085 | E10: 0.07353824 | F10: 0.14477465 | K10: foc_09 | L10: =MAX(ABS(A10),ABS(B10),ABS(C10),ABS(D10),ABS(E10),ABS(F10),ABS(G10), ABS(H10), ABS(I10), ABS(J10)) -> 0.49506451
A11: 0.98622317 | B11: -0.0082014005 | C11: 0.049803071 | D11: 0.0038412476 | E11: -0.0040817054 | F11: -0.013573382 | K11: foc_10 | L11: =MAX(ABS(A11),ABS(B11),ABS(C11),ABS(D11),ABS(E11),ABS(F11),ABS(G11), ABS(H11), ABS(I11), ABS(J11)) -> 0.98622317
A12: 0.87668101 | B12: 0.012373271 | C12: -0.01296945 | D12: -0.005889087 | E12: 0.042274459 | F12: 0.051231584 | K12: foc_11 | L12: =MAX(ABS(A12),ABS(B12),ABS(C12),ABS(D12),ABS(E12),ABS(F12),ABS(G12), ABS(H12), ABS(I12), ABS(J12)) -> 0.87668101
A13: 0.38779902 | B13: 0.26604952 | C13: -0.167534 | D13: -0.16979638 | E13: 0.04858637 | F13: -0.035455349 | K13: foc_12 | L13: =MAX(ABS(A13),ABS(B13),ABS(C13),ABS(D13),ABS(E13),ABS(F13),ABS(G13), ABS(H13), ABS(I13), ABS(J13)) -> 0.38779902
A14: 0.35975527 | B14: 0.25537411 | C14: -0.22259841 | D14: -0.16288498 | E14: 0.0076198687 | F14: -0.019299264 | K14: foc_13 | L14: =MAX(ABS(A14),ABS(B14),ABS(C14),ABS(D14),ABS(E14),ABS(F14),ABS(G14), ABS(H14), ABS(I14), ABS(J14)) -> 0.35975527
A15: -0.18955357 | B15: 0.087459145 | C15: 0.60275711 | D15: 0.023465422 | E15: 0.17065388 | F15: 0.13724346 | K15: foc_14 | L15: =MAX(ABS(A15),ABS(B15),ABS(C15),ABS(D15),ABS(E15),ABS(F15),ABS(G15), ABS(H15), ABS(I15), ABS(J15)) -> 0.60275711
A16: -0.078397699 | B16: 0.015261541 | C16: 0.58087321 | D16: 0.078563786 | E16: 0.15993092 | F16: 0.077258905 | K16: foc_15 | L16: =MAX(ABS(A16),ABS(B16),ABS(C16),ABS(D16),ABS(E16),ABS(F16),ABS(G16), ABS(H16), ABS(I16), ABS(J16)) -> 0.58087321
... A50: 0.17753686 | B50: 0.12928283 | C50: -0.01861219 | D50: -0.075818346 | E50: 0.25093745 | F50: 0.11530759 | K50: foc_49 | L50: =MAX(ABS(A50),ABS(B50),ABS(C50),ABS(D50),ABS(E50),ABS(F50),ABS(G50), ABS(H50), ABS(I50), ABS(J50)) -> 0.25093745

Sheet oblimin-5
A1: F1 | B1: F2 | C1: F3 | D1: F4 | E1: F5 | L1: max
A2: 0.13822553 | B2: 0.046077777 | C2: -0.058925864 | D2: -0.2349794 | E2: 0.3979931 | K2: foc_01 | L2: =MAX(ABS(A2),ABS(B2),ABS(C2),ABS(D2),ABS(E2),ABS(F2),ABS(G2), ABS(H2), ABS(I2), ABS(J2)) -> 0.3979931 | N2: cutoff | O2: =oblimin!O2 -> 0.25
A3: 0.020504585 | B3: 0.046778508 | C3: 0.044074915 | D3: -0.085781079 | E3: 0.74627636 | K3: foc_02 | L3: =MAX(ABS(A3),ABS(B3),ABS(C3),ABS(D3),ABS(E3),ABS(F3),ABS(G3), ABS(H3), ABS(I3), ABS(J3)) -> 0.74627636 | N3: top | O3: =O2 -> 0.25
A4: 0.12490031 | B4: -0.050843686 | C4: 0.08643986 | D4: -0.14905727 | E4: 0.61202664 | K4: foc_03 | L4: =MAX(ABS(A4),ABS(B4),ABS(C4),ABS(D4),ABS(E4),ABS(F4),ABS(G4), ABS(H4), ABS(I4), ABS(J4)) -> 0.61202664 | N4: bottom | O4: =O3*-1 -> -0.25
A5: 0.090206269 | B5: -0.068508558 | C5: 0.041526882 | D5: -0.046652356 | E5: 0.7543159 | K5: foc_04 | L5: =MAX(ABS(A5),ABS(B5),ABS(C5),ABS(D5),ABS(E5),ABS(F5),ABS(G5), ABS(H5), ABS(I5), ABS(J5)) -> 0.7543159
A6: 0.22319599 | B6: 0.12234719 | C6: 0.10149895 | D6: -0.15787067 | E6: 0.24063249 | K6: foc_05 | L6: =MAX(ABS(A6),ABS(B6),ABS(C6),ABS(D6),ABS(E6),ABS(F6),ABS(G6), ABS(H6), ABS(I6), ABS(J6)) -> 0.24063249
A7: -0.08260524 | B7: 0.2947632 | C7: -0.010110822 | D7: 0.0085841853 | E7: 0.56676257 | K7: foc_06 | L7: =MAX(ABS(A7),ABS(B7),ABS(C7),ABS(D7),ABS(E7),ABS(F7),ABS(G7), ABS(H7), ABS(I7), ABS(J7)) -> 0.56676257
A8: 0.95934206 | B8: 0.018757354 | C8: -0.0044679614 | D8: 0.030544894 | E8: 0.0064904814 | K8: foc_07 | L8: =MAX(ABS(A8),ABS(B8),ABS(C8),ABS(D8),ABS(E8),ABS(F8),ABS(G8), ABS(H8), ABS(I8), ABS(J8)) -> 0.95934206
A9: 0.85537489 | B9: -0.00061524413 | C9: 0.015653173 | D9: -0.036633424 | E9: 0.044483113 | K9: foc_08 | L9: =MAX(ABS(A9),ABS(B9),ABS(C9),ABS(D9),ABS(E9),ABS(F9),ABS(G9), ABS(H9), ABS(I9), ABS(J9)) -> 0.85537489
A10: 0.13348176 | B10: 0.56619313 | C10: 0.088973005 | D10: 0.017959727 | E10: 0.024768115 | K10: foc_09 | L10: =MAX(ABS(A10),ABS(B10),ABS(C10),ABS(D10),ABS(E10),ABS(F10),ABS(G10), ABS(H10), ABS(I10), ABS(J10)) -> 0.56619313
A11: 0.98609649 | B11: 0.021395682 | C11: -0.011234706 | D11: 0.012886283 | E11: -0.010598833 | K11: foc_10 | L11: =MAX(ABS(A11),ABS(B11),ABS(C11),ABS(D11),ABS(E11),ABS(F11),ABS(G11), ABS(H11), ABS(I11), ABS(J11)) -> 0.98609649
A12: 0.89025385 | B12: -0.0061845871 | C12: 0.011219139 | D12: -0.0101734 | E12: 0.040612241 | K12: foc_11 | L12: =MAX(ABS(A12),ABS(B12),ABS(C12),ABS(D12),ABS(E12),ABS(F12),ABS(G12), ABS(H12), ABS(I12), ABS(J12)) -> 0.89025385
A13: 0.38168377 | B13: -0.20589424 | C13: 0.26137608 | D13: -0.16541271 | E13: 0.071167532 | K13: foc_12 | L13: =MAX(ABS(A13),ABS(B13),ABS(C13),ABS(D13),ABS(E13),ABS(F13),ABS(G13), ABS(H13), ABS(I13), ABS(J13)) -> 0.38168377
A14: 0.3561972 | B14: -0.25749207 | C14: 0.25264036 | D14: -0.16299566 | E14: 0.037088032 | K14: foc_13 | L14: =MAX(ABS(A14),ABS(B14),ABS(C14),ABS(D14),ABS(E14),ABS(F14),ABS(G14), ABS(H14), ABS(I14), ABS(J14)) -> 0.3561972
A15: -0.17274454 | B15: 0.68836937 | C15: 0.088588411 | D15: 0.014862406 | E15: 0.11639995 | K15: foc_14 | L15: =MAX(ABS(A15),ABS(B15),ABS(C15),ABS(D15),ABS(E15),ABS(F15),ABS(G15), ABS(H15), ABS(I15), ABS(J15)) -> 0.68836937
A16: -0.071596989 | B16: 0.63343731 | C16: 0.015772633 | D16: 0.08392551 | E16: 0.11046296 | K16: foc_15 | L16: =MAX(ABS(A16),ABS(B16),ABS(C16),ABS(D16),ABS(E16),ABS(F16),ABS(G16), ABS(H16), ABS(I16), ABS(J16)) -> 0.63343731
... A50: 0.19529024 | B50: 0.047884622 | C50: 0.1298636 | D50: -0.093867303 | E50: 0.25117918 | K50: foc_49 | L50: =MAX(ABS(A50),ABS(B50),ABS(C50),ABS(D50),ABS(E50),ABS(F50),ABS(G50), ABS(H50), ABS(I50), ABS(J50)) -> 0.25117918

Sheet oblimin-4
A1: F1 | B1: F2 | C1: F3 | D1: F4 | L1: max
A2: 0.2070829 | B2: 0.12434788 | C2: -0.0593527 | D2: -0.41851988 | K2: foc_01 | L2: =MAX(ABS(A2),ABS(B2),ABS(C2),ABS(D2),ABS(E2),ABS(F2),ABS(G2), ABS(H2), ABS(I2), ABS(J2)) -> 0.41851988 | N2: cutoff | O2: =oblimin!O2 -> 0.25
A3: 0.15964098 | B3: 0.19631455 | C3: 0.046510122 | D3: -0.41850325 | K3: foc_02 | L3: =MAX(ABS(A3),ABS(B3),ABS(C3),ABS(D3),ABS(E3),ABS(F3),ABS(G3), ABS(H3), ABS(I3), ABS(J3)) -> 0.41850325 | N3: top | O3: =O2 -> 0.25
A4: 0.23907632 | B4: 0.072322772 | C4: 0.089401943 | D4: -0.42160488 | K4: foc_03 | L4: =MAX(ABS(A4),ABS(B4),ABS(C4),ABS(D4),ABS(E4),ABS(F4),ABS(G4), ABS(H4), ABS(I4), ABS(J4)) -> 0.42160488 | N4: bottom | O4: =O3*-1 -> -0.25
A5: 0.23283155 | B5: 0.087856659 | C5: 0.042611145 | D5: -0.38659254 | K5: foc_04 | L5: =MAX(ABS(A5),ABS(B5),ABS(C5),ABS(D5),ABS(E5),ABS(F5),ABS(G5), ABS(H5), ABS(I5), ABS(J5)) -> 0.38659254
A6: 0.26302474 | B6: 0.16619937 | C6: 0.10302811 | D6: -0.2619729 | K6: foc_05 | L6: =MAX(ABS(A6),ABS(B6),ABS(C6),ABS(D6),ABS(E6),ABS(F6),ABS(G6), ABS(H6), ABS(I6), ABS(J6)) -> 0.26302474
A7: 0.017158767 | B7: 0.40904619 | C7: -0.012936887 | D7: -0.24745134 | K7: foc_06 | L7: =MAX(ABS(A7),ABS(B7),ABS(C7),ABS(D7),ABS(E7),ABS(F7),ABS(G7), ABS(H7), ABS(I7), ABS(J7)) -> 0.40904619
A8: 0.96422917 | B8: 0.008011481 | C8: -0.0020026683 | D8: 0.037483483 | K8: foc_07 | L8: =MAX(ABS(A8),ABS(B8),ABS(C8),ABS(D8),ABS(E8),ABS(F8),ABS(G8), ABS(H8), ABS(I8), ABS(J8)) -> 0.96422917
A9: 0.86874065 | B9: -0.0022111842 | C9: 0.017472251 | D9: -0.047609849 | K9: foc_08 | L9: =MAX(ABS(A9),ABS(B9),ABS(C9),ABS(D9),ABS(E9),ABS(F9),ABS(G9), ABS(H9), ABS(I9), ABS(J9)) -> 0.86874065
A10: 0.12994045 | B10: 0.56925986 | C10: 0.087995744 | D10: 0.025205963 | K10: foc_09 | L10: =MAX(ABS(A10),ABS(B10),ABS(C10),ABS(D10),ABS(E10),ABS(F10),ABS(G10), ABS(H10), ABS(I10), ABS(J10)) -> 0.56925986
A11: 0.98547165 | B11: 0.0056287692 | C11: -0.0082368116 | D11: 0.026453043 | K11: foc_10 | L11: =MAX(ABS(A11),ABS(B11),ABS(C11),ABS(D11),ABS(E11),ABS(F11),ABS(G11), ABS(H11), ABS(I11), ABS(J11)) -> 0.98547165
A12: 0.90320475 | B12: -0.0090204163 | C12: 0.012965778 | D12: -0.019598679 | K12: foc_11 | L12: =MAX(ABS(A12),ABS(B12),ABS(C12),ABS(D12),ABS(E12),ABS(F12),ABS(G12), ABS(H12), ABS(I12), ABS(J12)) -> 0.90320475
A13: 0.3938185 | B13: -0.20301043 | C13: 0.26544465 | D13: -0.20067318 | K13: foc_12 | L13: =MAX(ABS(A13),ABS(B13),ABS(C13),ABS(D13),ABS(E13),ABS(F13),ABS(G13), ABS(H13), ABS(I13), ABS(J13)) -> 0.3938185
A14: 0.36235455 | B14: -0.26242659 | C14: 0.25740803 | D14: -0.18420391 | K14: foc_13 | L14: =MAX(ABS(A14),ABS(B14),ABS(C14),ABS(D14),ABS(E14),ABS(F14),ABS(G14), ABS(H14), ABS(I14), ABS(J14)) -> 0.36235455
A15: -0.16263656 | B15: 0.71960857 | C15: 0.085834645 | D15: -0.018258308 | K15: foc_14 | L15: =MAX(ABS(A15),ABS(B15),ABS(C15),ABS(D15),ABS(E15),ABS(F15),ABS(G15), ABS(H15), ABS(I15), ABS(J15)) -> 0.71960857
A16: -0.058986599 | B16: 0.66291663 | C16: 0.011567588 | D16: 0.051267546 | K16: foc_15 | L16: =MAX(ABS(A16),ABS(B16),ABS(C16),ABS(D16),ABS(E16),ABS(F16),ABS(G16), ABS(H16), ABS(I16), ABS(J16)) -> 0.66291663
... A50: 0.23970229 | B50: 0.096977448 | C50: 0.12909135 | D50: -0.20667642 | K50: foc_49 | L50: =MAX(ABS(A50),ABS(B50),ABS(C50),ABS(D50),ABS(E50),ABS(F50),ABS(G50), ABS(H50), ABS(I50), ABS(J50)) -> 0.23970229
